color,from,l,a,b,parent
艾绿,中国色名综览_凑幸卫,76.53150103,-7.751689312,-1.783782993,艾绿
艾绿,中国传统色彩图鉴_鸿洋,65.515,-29.182,16.649,艾绿
艾绿,中国美色_中国国家地理,77.121,-18.246,3.374,艾绿
艾绿,古色之美_青简,78.486,-5.743,4.578,艾绿
艾绿,中国颜色_黄仁达,60.662,-2.534,43.458,艾绿
艾绿,色谱_perchouli,83.487,-5.947,6.866,艾绿
艾绿,国标,56.5,-28.8,14.8,艾绿
宝蓝,中国色名综览_凑幸卫,61.65130356,-0.30660378,-32.34170401,宝蓝
宝蓝,钧瓷色彩的特征与分类体系研究_王庆斌,28.57708589,11.36810573,-29.36659205,宝蓝
宝蓝,DIC中国传统色,30.28,30.656,-52.206,宝蓝
宝蓝,乾隆色谱_刘剑,23,1,-17,宝蓝
宝蓝,色谱_perchouli,52.868,-9.681,-34.505,宝蓝
宝蓝,国标,42.6,-18.5,-27.3,宝蓝
碧绿,中国传统色彩图鉴_鸿洋,65.651,-33.628,10.658,碧绿
碧绿,古色之美_青简,43.206,-34.483,-15.81,碧绿
碧绿,中国颜色_黄仁达,55.067,-50.224,-3.446,碧绿
碧绿,国标,66,-41.6,5.5,碧绿
苍黄,中国色名综览_凑幸卫,54.15573121,1.587578255,18.27771209,苍黄
苍黄,中国传统色彩图鉴_鸿洋,60.25,0.687,12.098,苍黄
苍黄,故宫里的色彩美学_郭浩,65.857,-5.03,66.057,苍黄
苍黄,DIC中国传统色,60.655,15.051,37.607,苍黄
苍黄,色谱_perchouli,43.864,5.65,31.902,苍黄
苍绿,中国色名综览_凑幸卫,46.54071269,-6.98929493,-3.521909172,苍绿
苍绿,中国美色_中国国家地理,37.723,-7.194,10.1,苍绿
苍绿,DIC中国传统色,42.834,-9.354,13.264,苍绿
苍绿,色谱_perchouli,23.841,-12.876,1.597,苍绿
苍色,中国传统色彩图鉴_鸿洋,52.754,-4.323,-5.09,苍色
苍色,中国美色_中国国家地理,52.808,-4.176,-5.816,苍色
苍色,古色之美_青简,26.612,-16.525,-14.691,苍色
苍色,中国颜色_黄仁达,54.329,-24.42,8.254,苍色
藏蓝,中国传统色彩图鉴_鸿洋,26.399,18.959,-33.231,藏蓝
藏蓝,中国美色_中国国家地理,26.199,7.669,-24.222,藏蓝
藏蓝,钧瓷色彩的特征与分类体系研究_王庆斌,55.27389833,-17.57465548,-2.409372747,藏蓝
藏蓝,DIC中国传统色,29.85,10.109,-24.922,藏蓝
藏蓝,国标,29.2,-9,-15.8,藏蓝
草黄,中国色名综览_凑幸卫,73.33292788,-4.12166695,48.9222613,草黄
草黄,染色样本纳夫妥类_何进丰,63,5,42,草黄
草黄,DIC中国传统色,80.76,-11.309,57.557,草黄
草黄,色谱_perchouli,73.887,-2.55,67.6,草黄
草绿,中国色名综览_凑幸卫,41.17305166,-21.56004289,16.68474086,草绿
草绿,中国传统色彩图鉴_鸿洋,64.616,-35.889,34.922,草绿
草绿,人造丝绸缎色谱_何进丰,55,10,25,草绿
草绿,中国颜色_黄仁达,58.823,-29.772,37.393,草绿
草绿,国标,55.5,-23.7,26,草绿
茶褐,中国色名综览_凑幸卫,43.94431129,9.332852541,12.26765,茶褐
茶褐,染作江南春水色_金成熺,55.44,29.48,21.97,茶褐
茶褐,色谱_perchouli,28.838,10.761,22.725,茶褐
茶褐,国标,40.6,5.6,25.3,茶褐
茶绿,涤棉色谱_何进丰,56,-13,30,茶绿
茶绿,涤棉色谱_何进丰,52,-12,30,茶绿
茶绿,DIC中国传统色,43.185,-5.076,9.635,茶绿
茶绿,国标,41.2,-2.8,10.3,茶绿
茶色,中国美色_中国国家地理,45.874,31.911,23.37,茶色
茶色,古色之美_青简,50.685,23.158,18.225,茶色
茶色,中国颜色_黄仁达,34.604,33.199,25.002,茶色
茶色,故宫里的色彩美学_郭浩,50.546,2.156,19.672,茶色
葱根绿,中国色名综览_凑幸卫,64.06300228,-34.25392902,8.085363332,葱根绿
葱根绿,中国传统色彩图鉴_鸿洋,70.018,-27.739,48.299,葱根绿
葱根绿,古色之美_青简,52.348,-50.354,10.877,葱根绿
葱根绿,中国颜色_黄仁达,71.635,-19.867,30.061,葱根绿
葱根绿,DIC中国传统色,75.783,-25.598,42.392,葱根绿
葱根绿,国标,65.5,-24.4,36.3,葱根绿
大红,中国颜色_黄仁达,47,68.006,47.976,大红
大红,染作江南春水色_金成熺,59.19,40.14,12.21,大红
大红,乾隆色谱_刘剑,42,44,31,大红
大红,色谱_perchouli,55.765,61.402,57.007,大红
大红,国标,44.2,54.8,35.8,大红
玳瑁黄,中国色名综览_凑幸卫,71.5970387,14.58736955,15.78540406,玳瑁黄
玳瑁黄,人造丝绸缎色谱_何进丰,64,18,27,玳瑁黄
玳瑁黄,中国颜色_黄仁达,35.169,23.534,13.557,玳瑁黄
玳瑁黄,色谱_perchouli,71.007,11.867,45.591,玳瑁黄
黛色,中国传统色彩图鉴_鸿洋,39.36,-1.862,-9.135,黛色
黛色,中国美色_中国国家地理,24.61,-4.199,-6.116,黛色
黛色,古色之美_青简,17.076,5.392,-7.181,黛色
黛色,中国颜色_黄仁达,34.097,-7.684,-2.846,黛色
蛋青,中国色名综览_凑幸卫,91.08172557,1.712453497,-11.8007321,蛋青
蛋青,中国传统色彩图鉴_鸿洋,87.358,-4.518,-1.63,蛋青
蛋青,绞丝染色基本色谱_何进丰,46,-35,-21,蛋青
蛋青,染作江南春水色_金成熺,58.11,-9.79,-12.57,蛋青
蛋青,DIC中国传统色,89.939,-4.914,1.049,蛋青
蛋青,国标,89.3,-8.4,-3.9,蛋青
靛蓝,中国传统色彩图鉴_鸿洋,32.355,-4.284,-23.342,靛蓝
靛蓝,钧瓷色彩的特征与分类体系研究_王庆斌,18.1787136,16.27492522,-31.69048666,靛蓝
靛蓝,DIC中国传统色,28.625,5.246,-15.963,靛蓝
靛蓝,国标,35.8,0.8,-38.8,靛蓝
靛青,中国色名综览_凑幸卫,41.1582044,7.070662746,-42.09625029,靛青
靛青,中国美色_中国国家地理,45.468,-10.502,-31.723,靛青
靛青,钧瓷色彩的特征与分类体系研究_王庆斌,36.31352778,9.790599215,-49.74652829,靛青
靛青,色谱_perchouli,40.668,6.248,-45.703,靛青
丁香紫,中国美色_中国国家地理,67.713,16.381,-17.785,丁香紫
丁香紫,钧瓷色彩的特征与分类体系研究_王庆斌,74.99878683,-66.99592395,22.63615156,丁香紫
丁香紫,DIC中国传统色,39.912,12.265,-12.189,丁香紫
丁香紫,国标,70.9,12.1,-17.8,丁香紫
豆绿,中国色名综览_凑幸卫,61.66164778,-51.75001546,45.36551962,豆绿
豆绿,绞丝染色基本色谱_何进丰,47,-12,18,豆绿
豆绿,古色之美_青简,72.591,-24.302,50.354,豆绿
豆绿,染作江南春水色_金成熺,69.22,-14.49,7.85,豆绿
豆绿,中国颜色_黄仁达,69.917,-24.071,49.877,豆绿
豆绿,敦煌彩绘文物数字化保护色卡制作方法研究_梁金星,68.5,-10.2,10.24,豆绿
豆青,中国美色_中国国家地理,70.357,-26.392,44.089,豆青
豆青,钧瓷色彩的特征与分类体系研究_王庆斌,48.29863797,11.96769799,27.22889662,豆青
豆青,敦煌彩绘文物数字化保护色卡制作方法研究_梁金星,54.23,-5.94,5.5,豆青
豆青,国标,85.8,-9.4,-7.5,豆青
豆沙,中国传统色彩图鉴_鸿洋,39.594,26.637,10.417,豆沙
豆沙,染色样本硫化类_何进丰,61,10,12,豆沙
豆沙,染色样本士林类_何进丰,48,14,15,豆沙
豆沙,色谱_perchouli,17.416,19.846,10.943,豆沙
鹅黄,古色之美_青简,89.289,-5.771,60.97,鹅黄
鹅黄,染作江南春水色_金成熺,77.89,-10.8,20.2,鹅黄
鹅黄,中国颜色_黄仁达,77.401,10.484,79.833,鹅黄
鹅黄,DIC中国传统色,68.09,18.638,66.518,鹅黄
鹅黄,国标,80.1,17.8,60.1,鹅黄
妃色,中国传统色彩图鉴_鸿洋,45.643,43.74,33.229,妃色
妃色,中国美色_中国国家地理,45.972,63.575,43.967,妃色
妃色,DIC中国传统色,77.936,13.662,1.155,妃色
妃色,国标,77.7,22.2,6.2,妃色
粉红,中国色名综览_凑幸卫,76.00760177,24.02044874,2.595973752,粉红
粉红,中国传统色彩图鉴_鸿洋,83.35,14.443,-0.142,粉红
粉红,染色样本纳夫妥类_何进丰,60,54,7,粉红
粉红,染色样本士林类_何进丰,69,42,4,粉红
粉红,色谱_perchouli,80.063,19.577,11.524,粉红
粉红,国标,77.8,20.6,1,粉红
橄榄灰,中国色名综览_凑幸卫,51.57718005,1.904969588,11.05943503,橄榄灰
橄榄灰,敦煌彩绘文物数字化保护色卡制作方法研究_梁金星,32.59,-0.33,3.98,橄榄灰
橄榄灰,DIC中国传统色,62.003,-8.686,7.118,橄榄灰
橄榄灰,色谱_perchouli,27.623,4.766,15.282,橄榄灰
橄榄绿,中国色名综览_凑幸卫,41.21701955,-6.618522363,41.22189127,橄榄绿
橄榄绿,人造丝绸缎色谱_何进丰,46,-11,24,橄榄绿
橄榄绿,DIC中国传统色,39.92,-6.167,22.421,橄榄绿
橄榄绿,色谱_perchouli,35.236,-3.231,36.352,橄榄绿
橄榄绿,国标,43.5,-0.9,30.5,橄榄绿
绀紫,中国色名综览_凑幸卫,33.62001256,25.39510582,-7.126179161,绀紫
绀紫,中国传统色彩图鉴_鸿洋,26.858,12.435,-22.343,绀紫
绀紫,中国美色_中国国家地理,32.087,31.741,-25.033,绀紫
绀紫,色谱_perchouli,15.677,25.133,-0.841,绀紫
钴蓝,中国色名综览_凑幸卫,66.52191114,-14.729075,-33.7982694,钴蓝
钴蓝,敦煌彩绘文物数字化保护色卡制作方法研究_梁金星,71.78,-17.97,-6.41,钴蓝
钴蓝,DIC中国传统色,61.197,-3.995,-15.102,钴蓝
钴蓝,色谱_perchouli,57.102,-17.26,-29.627,钴蓝
钴蓝,国标,42.2,-0.6,-46.7,钴蓝
果绿,涤棉色谱_何进丰,66,-37,29,果绿
果绿,绞丝染色基本色谱_何进丰,56,-32,32,果绿
果绿,染色样本士林类_何进丰,66,-30,13,果绿
果绿,DIC中国传统色,73.934,-22.084,23.377,果绿
果绿,国标,55.8,-33.7,28.2,果绿
海棠红,中国色名综览_凑幸卫,53.05748252,60.15122448,14.20573713,海棠红
海棠红,中国美色_中国国家地理,51.317,46.973,12.192,海棠红
海棠红,钧瓷色彩的特征与分类体系研究_王庆斌,45.86812829,55.07690353,38.26684438,海棠红
海棠红,色谱_perchouli,53.892,69.743,29.794,海棠红
海棠红,国标,45.2,52,19.2,海棠红
褐色,中国美色_中国国家地理,36.013,8.236,24.323,褐色
褐色,古色之美_青简,64.473,28.411,40.918,褐色
褐色,中国颜色_黄仁达,36.436,25.969,36.184,褐色
褐色,国标,34.2,13.7,15.2,褐色
虹蓝,中国色名综览_凑幸卫,54.58372582,5.99229521,-41.48440569,虹蓝
虹蓝,绞丝染色基本色谱_何进丰,61,-10,-30,虹蓝
虹蓝,人造丝绸缎色谱_何进丰,47,-2,-29,虹蓝
虹蓝,色谱_perchouli,48.229,-1.51,-41.24,虹蓝
湖色,中国色名综览_凑幸卫,74.07263347,-28.84811179,24.46280942,湖色
湖色,涤棉色谱_何进丰,61,-31,-4,湖色
湖色,中国传统色彩图鉴_鸿洋,69.431,-27.421,-0.922,湖色
湖色,绞丝染色基本色谱_何进丰,75,-28,4,湖色
湖色,DIC中国传统色,51.397,-12.883,-1.735,湖色
湖色,色谱_perchouli,73.009,-33.462,39.093,湖色
湖色,国标,65.6,-39.1,-2,湖色
琥珀黄,中国色名综览_凑幸卫,84.92480304,17.11593936,69.53056386,琥珀黄
琥珀黄,中国传统色彩图鉴_鸿洋,56.92,28.821,43.308,琥珀黄
琥珀黄,中国颜色_黄仁达,62.719,14.765,40.748,琥珀黄
琥珀黄,色谱_perchouli,79.733,12.612,81.392,琥珀黄
花青,中国色名综览_凑幸卫,53.5530178,6.104809883,-42.5551007,花青
花青,中国美色_中国国家地理,24.936,6.029,-26.277,花青
花青,古色之美_青简,42.448,-14.707,-40.929,花青
花青,故宫里的色彩美学_郭浩,16.464,5.145,-21.222,花青
花青,DIC中国传统色,48.923,0.212,-12.407,花青
花青,色谱_perchouli,47.92,-1.084,-41.15,花青
黄,先秦色彩_肖世孟,68,22,68,黄
黄,古色之美_青简,82.776,4.136,85.66,黄
黄,中国颜色_黄仁达,85.668,0.052,52.861,黄
黄,国标,80.4,3.9,89.9,黄
灰蓝,中国色名综览_凑幸卫,41.21688977,-5.467674394,-7.813145679,灰蓝
灰蓝,中国传统色彩图鉴_鸿洋,67.06,-0.613,-15.871,灰蓝
灰蓝,DIC中国传统色,54.757,-6.838,-5.96,灰蓝
灰蓝,色谱_perchouli,21.552,-6.79,-6.489,灰蓝
灰绿,中国色名综览_凑幸卫,54.13729657,1.793211668,47.29634728,灰绿
灰绿,DIC中国传统色,58.551,-9.896,-0.302,灰绿
灰绿,色谱_perchouli,46.385,5.158,48.569,灰绿
灰绿,国标,63.4,-13.8,18.9,灰绿
茄皮紫,中国色名综览_凑幸卫,30.69429804,27.5028716,0.775962242,茄皮紫
茄皮紫,钧瓷色彩的特征与分类体系研究_王庆斌,21.52745958,24.66833329,5.963706204,茄皮紫
茄皮紫,DIC中国传统色,33.005,8.55,-0.093,茄皮紫
茄皮紫,色谱_perchouli,7.841,17.765,3.314,茄皮紫
姜黄,中国色名综览_凑幸卫,81.34806086,-4.890971763,55.26541103,姜黄
姜黄,中国传统色彩图鉴_鸿洋,77.42,13.955,39.709,姜黄
姜黄,中国美色_中国国家地理,54.5,5.794,39.542,姜黄
姜黄,染色样本纳夫妥类_何进丰,77,22,75,姜黄
姜黄,染色样本士林类_何进丰,77,22,55,姜黄
姜黄,故宫里的色彩美学_郭浩,79.085,-6.729,52.038,姜黄
姜黄,DIC中国传统色,58.744,0.42,41.838,姜黄
姜黄,色谱_perchouli,78.472,-2.017,73.617,姜黄
姜黄,国标,55,12.5,40.4,姜黄
豇豆红,中国色名综览_凑幸卫,65.31274767,23.78977025,0.134153677,豇豆红
豇豆红,中国传统色彩图鉴_鸿洋,51.898,51.236,24.613,豇豆红
豇豆红,钧瓷色彩的特征与分类体系研究_王庆斌,50.69275503,64.37043589,63.079368,豇豆红
豇豆红,色谱_perchouli,73.113,32.598,1.466,豇豆红
酱色,染色样本纳夫妥类_何进丰,25,16,-2,酱色
酱色,古色之美_青简,24.438,27.553,16.02,酱色
酱色,中国颜色_黄仁达,24.88,5.93,3.477,酱色
酱色,DIC中国传统色,37.174,4.854,15.987,酱色
酱色,乾隆色谱_刘剑,23,13,7,酱色
酱紫,中国色名综览_凑幸卫,30.69478023,27.21729645,4.48278126,酱紫
酱紫,中国美色_中国国家地理,40.399,21.082,-10.582,酱紫
酱紫,色谱_perchouli,15.565,28.871,11.54,酱紫
酱紫,国标,29.4,23.9,4.6,酱紫
金黄,钧瓷色彩的特征与分类体系研究_王庆斌,86.22441055,5.476817933,64.78202394,金黄
金黄,染色样本纳夫妥类_何进丰,57,54,60,金黄
金黄,中国颜色_黄仁达,77.584,3.333,73.308,金黄
金黄,故宫里的色彩美学_郭浩,53.226,20.758,39.474,金黄
金黄,乾隆色谱_刘剑,65,19,71,金黄
金黄,色谱_perchouli,64.28,40.615,65.026,金黄
金黄,国标,70.3,18.9,52.4,金黄
金棕,中国传统色彩图鉴_鸿洋,30.037,42.206,29.268,金棕
金棕,古色之美_青简,42.229,32.904,35.629,金棕
金棕,中国颜色_黄仁达,42.847,20.866,21.734,金棕
金棕,国标,55.4,22,21.1,金棕
景泰蓝,中国色名综览_凑幸卫,65.32367155,5.77538771,-41.50964511,景泰蓝
景泰蓝,中国色名综览_凑幸卫,51.56656883,16.02401005,-40.50890532,景泰蓝
景泰蓝,中国美色_中国国家地理,71.745,-25.409,59.9,景泰蓝
景泰蓝,中国颜色_黄仁达,33.088,2.703,-47.147,景泰蓝
景泰蓝,色谱_perchouli,47.662,-0.423,-40.973,景泰蓝
桔红,涤棉色谱_何进丰,60,52,30,桔红
桔红,涤棉色谱_何进丰,55,58,40,桔红
桔红,绞丝染色基本色谱_何进丰,61,49,37,桔红
桔红,染色样本士林类_何进丰,59,16,19,桔红
桔红,国标,58.1,53.1,55.9,桔红
桔黄,涤棉色谱_何进丰,61,39,44,桔黄
桔黄,绞丝染色基本色谱_何进丰,66,45,42,桔黄
桔黄,染色样本士林类_何进丰,68,18,30,桔黄
桔黄,DIC中国传统色,60.078,26.433,43.627,桔黄
桔黄,国标,69.1,41.3,52.4,桔黄
孔雀蓝,中国色名综览_凑幸卫,61.47380032,-18.23627124,-28.09401248,孔雀蓝
孔雀蓝,中国传统色彩图鉴_鸿洋,60.886,-22.163,-24.273,孔雀蓝
孔雀蓝,钧瓷色彩的特征与分类体系研究_王庆斌,22.82341366,8.288995095,-30.4925605,孔雀蓝
孔雀蓝,绞丝染色基本色谱_何进丰,45,-28,-32,孔雀蓝
孔雀蓝,人造丝绸缎色谱_何进丰,58,-31,-22,孔雀蓝
孔雀蓝,中国颜色_黄仁达,25.019,19.084,-38.556,孔雀蓝
孔雀蓝,故宫里的色彩美学_郭浩,58.583,-8.563,-31.76,孔雀蓝
孔雀蓝,DIC中国传统色,30.545,31.652,-57.866,孔雀蓝
孔雀蓝,色谱_perchouli,66.026,-27.972,-23.169,孔雀蓝
孔雀绿,中国色名综览_凑幸卫,57.5597427,-39.9052715,4.719720358,孔雀绿
孔雀绿,中国传统色彩图鉴_鸿洋,54.805,-39.55,-10.779,孔雀绿
孔雀绿,钧瓷色彩的特征与分类体系研究_王庆斌,41.89120688,-26.89647391,1.288594916,孔雀绿
孔雀绿,色谱_perchouli,54.178,-46.14,25.695,孔雀绿
枯绿,中国色名综览_凑幸卫,61.6566488,1.596613768,48.65944777,枯绿
枯绿,中国美色_中国国家地理,67.208,-3.071,24.015,枯绿
枯绿,人造丝绸缎色谱_何进丰,75,3,53,枯绿
枯绿,DIC中国传统色,71.385,-7.204,32.513,枯绿
枯绿,色谱_perchouli,60.925,5.669,62.646,枯绿
葵黄,中国色名综览_凑幸卫,82.32881247,10.18265987,79.06977159,葵黄
葵黄,DIC中国传统色,76.704,9.796,38.1,葵黄
葵黄,乾隆色谱_刘剑,82,-3,65,葵黄
葵黄,色谱_perchouli,84.122,3.397,83.467,葵黄
葵黄,国标,71.7,27.8,76.1,葵黄
蓝翠,中国色名综览_凑幸卫,64.13698797,-11.77399956,-20.48855476,蓝翠
蓝翠,染作江南春水色_金成熺,57.08,-7.13,-20.54,蓝翠
蓝翠,色谱_perchouli,59.872,-25.267,-20.271,蓝翠
蓝翠,国标,56.5,-20.8,-33.4,蓝翠
莲红,中国色名综览_凑幸卫,41.15459944,43.44971524,9.420704828,莲红
莲红,染作江南春水色_金成熺,58.67,39.98,12.69,莲红
莲红,故宫里的色彩美学_郭浩,71.657,23.966,-1.472,莲红
莲红,国标,35,41.1,17.6,莲红
绿色,涤棉色谱_何进丰,56,-37,19,绿色
绿色,涤棉色谱_何进丰,56,-43,8,绿色
绿色,古色之美_青简,53.4,-24.963,-4.745,绿色
绿色,中国颜色_黄仁达,58.972,-45.705,42.567,绿色
满天星紫,中国色名综览_凑幸卫,41.20580008,19.44608577,-31.55406255,满天星紫
满天星紫,中国美色_中国国家地理,24.774,11.745,-35.867,满天星紫
满天星紫,人造丝绸缎色谱_何进丰,48,15,-26,满天星紫
满天星紫,色谱_perchouli,24.425,23.302,-43.176,满天星紫
玫瑰红,中国色名综览_凑幸卫,51.54345514,47.04518128,-18.27073224,玫瑰红
玫瑰红,中国传统色彩图鉴_鸿洋,51.561,67.342,-4.567,玫瑰红
玫瑰红,钧瓷色彩的特征与分类体系研究_王庆斌,24.08323776,38.16961282,20.3105263,玫瑰红
玫瑰红,中国颜色_黄仁达,35.287,50.491,35.043,玫瑰红
玫瑰红,DIC中国传统色,34.237,33.907,6.236,玫瑰红
玫瑰红,色谱_perchouli,49.17,65.311,-3.482,玫瑰红
玫瑰紫,中国色名综览_凑幸卫,44.18418811,51.07745064,-20.54626394,玫瑰紫
玫瑰紫,钧瓷色彩的特征与分类体系研究_王庆斌,22.08773701,6.776731966,-4.331635662,玫瑰紫
玫瑰紫,绞丝染色基本色谱_何进丰,31,40,-18,玫瑰紫
玫瑰紫,人造丝绸缎色谱_何进丰,40,55,-4,玫瑰紫
玫瑰紫,人造丝绸缎色谱_何进丰,46,41,-3,玫瑰紫
玫瑰紫,古色之美_青简,46.028,57.843,-3.665,玫瑰紫
玫瑰紫,色谱_perchouli,44.097,60.649,-10.284,玫瑰紫
玫瑰紫,国标,32.9,26.7,-17.4,玫瑰紫
米白,中国传统色彩图鉴_鸿洋,79.251,5.377,71.922,米白
米白,中国美色_中国国家地理,92.568,-0.89,5.192,米白
米白,绞丝染色基本色谱_何进丰,87,4,34,米白
米白,染色样本士林类_何进丰,84,6,25,米白
米白,乾隆色谱_刘剑,70,25,55,米白
米白,色谱_perchouli,90.471,6.119,12.08,米白
米白,国标,90.3,0,7.2,米白
米黄,中国色名综览_凑幸卫,91.08182304,6.52712531,8.818286854,米黄
米黄,中国传统色彩图鉴_鸿洋,79.251,5.377,71.922,米黄
米黄,中国美色_中国国家地理,92.568,-0.89,5.192,米黄
米黄,钧瓷色彩的特征与分类体系研究_王庆斌,65.61128409,59.09807278,28.672999,米黄
米黄,绞丝染色基本色谱_何进丰,87,4,34,米黄
米黄,染色样本士林类_何进丰,84,6,25,米黄
米黄,国标,90.3,0,7.2,米黄
秘色,中国传统色彩图鉴_鸿洋,63.829,-20.998,-7.861,秘色
秘色,中国美色_中国国家地理,83.366,-5.501,2.553,秘色
秘色,古色之美_青简,63.026,-7.545,3.602,秘色
秘色,中国颜色_黄仁达,88.988,-5.889,2.926,秘色
蜜黄,中国色名综览_凑幸卫,83.8614894,17.70317431,37.54357758,蜜黄
蜜黄,涤棉色谱_何进丰,89,1,43,蜜黄
蜜黄,色谱_perchouli,79.557,14.294,57.686,蜜黄
蜜黄,国标,87.9,5.3,37.5,蜜黄
明黄,中国传统色彩图鉴_鸿洋,85.854,-5.152,64.889,明黄
明黄,中国颜色_黄仁达,88.57,-3.148,72.379,明黄
明黄,DIC中国传统色,78.165,0.459,61.132,明黄
明黄,乾隆色谱_刘剑,79,1,73,明黄
明黄,国标,79.2,11.6,73.4,明黄
墨绿,染色样本硫化类_何进丰,27,-7,-6,墨绿
墨绿,染色样本士林类_何进丰,27,-111,-7,墨绿
墨绿,DIC中国传统色,35.88,-8.096,3.864,墨绿
墨绿,国标,38.7,-11.8,6.7,墨绿
墨色,中国传统色彩图鉴_鸿洋,31.109,-0.66,-3.339,墨色
墨色,中国美色_中国国家地理,40.009,-2.646,-9.217,墨色
墨色,古色之美_青简,13.927,-1.5,2.124,墨色
墨色,中国颜色_黄仁达,20.386,-0.069,-0.12,墨色
墨色,乾隆色谱_刘剑,37,1,0,墨色
嫩绿,中国色名综览_凑幸卫,61.68122822,-29.795989,39.13823402,嫩绿
嫩绿,涤棉色谱_何进丰,63,-27,31,嫩绿
嫩绿,中国传统色彩图鉴_鸿洋,69.509,-28.502,60.543,嫩绿
嫩绿,染色样本士林类_何进丰,73,-22,11,嫩绿
嫩绿,国标,81,-22.8,48.7,嫩绿
藕荷,中国色名综览_凑幸卫,81.34803538,17.1780035,12.73360878,藕荷
藕荷,中国美色_中国国家地理,78.11,10.869,-3.539,藕荷
藕荷,古色之美_青简,78.792,11.693,-3.461,藕荷
藕荷,中国颜色_黄仁达,83.718,11.014,13.187,藕荷
藕荷,色谱_perchouli,81.889,11.886,16.174,藕荷
蘋婆绿,中国传统色彩图鉴_鸿洋,35.791,-11.557,8.141,蘋婆绿
蘋婆绿,中国美色_中国国家地理,55.857,-35.794,11.627,蘋婆绿
蘋婆绿,染色样本纳夫妥类_何进丰,32,-22,-8,蘋婆绿
蘋婆绿,染色样本士林类_何进丰,38,-41,-7,蘋婆绿
蘋婆绿,国标,39.4,-30.3,4.3,蘋婆绿
葡萄紫,中国色名综览_凑幸卫,41.21698588,12.42185484,-0.085884091,葡萄紫
葡萄紫,钧瓷色彩的特征与分类体系研究_王庆斌,20.8037771,5.853924895,-5.588137379,葡萄紫
葡萄紫,古色之美_青简,21.528,5.268,-16.331,葡萄紫
葡萄紫,色谱_perchouli,18.559,21.846,6.995,葡萄紫
葡萄紫,国标,31.8,22.5,-19.3,葡萄紫
漆黑,中国传统色彩图鉴_鸿洋,17.426,1.878,-0.923,漆黑
漆黑,中国美色_中国国家地理,17.34,2.055,-2.624,漆黑
漆黑,古色之美_青简,11.573,0.574,1.111,漆黑
漆黑,中国颜色_黄仁达,10.679,3.261,-4.534,漆黑
浅粉红,涤棉色谱_何进丰,85,33,7,浅粉红
浅粉红,涤棉色谱_何进丰,82,42,10,浅粉红
浅粉红,涤棉色谱_何进丰,76,38,5,浅粉红
浅粉红,染色样本士林类_何进丰,80,18,8,浅粉红
浅湖兰,涤棉色谱_何进丰,86,-7,0,浅湖兰
浅湖兰,涤棉色谱_何进丰,84,-10,-4,浅湖兰
浅湖兰,涤棉色谱_何进丰,83,-8,-7,浅湖兰
浅湖兰,绞丝染色基本色谱_何进丰,82,-15,0,浅湖兰
浅灰,涤棉色谱_何进丰,77,1,2,浅灰
浅灰,涤棉色谱_何进丰,70,0,4,浅灰
浅灰,涤棉色谱_何进丰,64,1,2,浅灰
浅灰,涤棉色谱_何进丰,59,-4,-1,浅灰
浅灰,涤棉色谱_何进丰,50,-5,-4,浅灰
浅灰,中国传统色彩图鉴_鸿洋,81.432,-1.357,-6.496,浅灰
浅灰,染色样本士林类_何进丰,65,-1,-4,浅灰
浅灰,敦煌彩绘文物数字化保护色卡制作方法研究_梁金星,85.47,0.67,1.51,浅灰
浅灰,色谱_perchouli,85.152,0.494,5.176,浅灰
浅兰,涤棉色谱_何进丰,73,-8,-18,浅兰
浅兰,涤棉色谱_何进丰,67,-9,-18,浅兰
浅兰,涤棉色谱_何进丰,62,-7,-27,浅兰
浅兰,涤棉色谱_何进丰,55,-2,-29,浅兰
浅蓝,中国传统色彩图鉴_鸿洋,79.411,-13.428,-18.007,浅蓝
浅蓝,染色样本纳夫妥类_何进丰,46,-5,-30,浅蓝
浅蓝,染色样本士林类_何进丰,51,-5,-29,浅蓝
浅蓝,国标,82.6,-10.4,-17.6,浅蓝
浅雪青,涤棉色谱_何进丰,85,7,-6,浅雪青
浅雪青,涤棉色谱_何进丰,80,11,-12,浅雪青
浅雪青,涤棉色谱_何进丰,65,-13,-19,浅雪青
浅雪青,涤棉色谱_何进丰,61,24,-20,浅雪青
浅雪青,绞丝染色基本色谱_何进丰,67,19,-14,浅雪青
浅雪青,染色样本纳夫妥类_何进丰,51,18,-25,浅雪青
浅血牙,涤棉色谱_何进丰,87,12,28,浅血牙
浅血牙,涤棉色谱_何进丰,82,23,26,浅血牙
浅血牙,涤棉色谱_何进丰,75,36,35,浅血牙
浅血牙,染色样本纳夫妥类_何进丰,67,45,17,浅血牙
浅血牙,DIC中国传统色,83.776,8.927,3.832,浅血牙
茜红,涤棉色谱_何进丰,58,52,16,茜红
茜红,中国传统色彩图鉴_鸿洋,44.521,50.375,13.877,茜红
茜红,古色之美_青简,59.824,41.763,11.648,茜红
茜红,中国颜色_黄仁达,44.726,41.672,31.866,茜红
茜红,国标,44.9,41.5,8.7,茜红
青,先秦色彩_肖世孟,25,20,-58,青
青,古色之美_青简,41.612,-20.568,-44.405,青
青,中国颜色_黄仁达,43.486,7.823,-39.026,青
青,乾隆色谱_刘剑,16,3,-6,青
青,国标,71.1,-22.6,-15.4,青
青翠,中国色名综览_凑幸卫,61.51479085,-44.92446608,5.556893733,青翠
青翠,中国传统色彩图鉴_鸿洋,56.969,-49.387,39.147,青翠
青翠,钧瓷色彩的特征与分类体系研究_王庆斌,30.98246263,-31.84451587,-4.615803633,青翠
青翠,古色之美_青简,51.025,-61.288,15.826,青翠
青翠,中国颜色_黄仁达,49.505,-24.25,-6.497,青翠
青翠,DIC中国传统色,42.67,-20.812,3.127,青翠
青翠,色谱_perchouli,58.674,-48.444,23.467,青翠
青翠,国标,54.6,-54.8,25.2,青翠
青灰色,中国色名综览_凑幸卫,45.05307515,4.164096469,-18.60995631,青灰色
青灰色,人造丝绸缎色谱_何进丰,48,-2,-7,青灰色
青灰色,中国颜色_黄仁达,44.224,-1.137,-2.521,青灰色
青灰色,DIC中国传统色,42.672,-0.352,-1.4,青灰色
青莲,涤棉色谱_何进丰,49,30,-18,青莲
青莲,涤棉色谱_何进丰,41,36,-30,青莲
青莲,中国传统色彩图鉴_鸿洋,33.885,33.681,-34.6,青莲
青莲,人造丝绸缎色谱_何进丰,41,28,-23,青莲
青莲,古色之美_青简,34.343,37.177,-32.719,青莲
青莲,中国颜色_黄仁达,53.25,36.546,-14.348,青莲
青莲,色谱_perchouli,34.126,50.005,-20.038,青莲
青莲,国标,61,13.5,-30.5,青莲
秋香色,古色之美_青简,68.019,10.115,44.053,秋香色
秋香色,中国颜色_黄仁达,69.698,5.423,63.246,秋香色
秋香色,故宫里的色彩美学_郭浩,65.98,3.243,48.792,秋香色
秋香色,乾隆色谱_刘剑,52,5,50,秋香色
秋香色,国标,60.5,9.6,39.4,秋香色
群青,中国颜色_黄仁达,33.088,2.703,-47.147,群青
群青,中国颜色_黄仁达,28.431,2.76,-38.381,群青
群青,敦煌彩绘文物数字化保护色卡制作方法研究_梁金星,33.69,15.55,-53.33,群青
群青,故宫里的色彩美学_郭浩,38.75,12.531,-46.373,群青
群青,DIC中国传统色,33.179,18.768,-45.099,群青
群青,色谱_perchouli,46.325,-0.83,-41.953,群青
乳白,中国色名综览_凑幸卫,94.43399914,4.131899544,10.48067279,乳白
乳白,中国传统色彩图鉴_鸿洋,90.109,0.015,-1.639,乳白
乳白,钧瓷色彩的特征与分类体系研究_王庆斌,83.3244701,-5.223897718,-5.631954643,乳白
乳白,DIC中国传统色,89.47,-0.723,18.887,乳白
乳白,色谱_perchouli,96.001,-2.299,12.164,乳白
三绿,中国色名综览_凑幸卫,74.04457368,-23.89130436,2.086162151,三绿
三绿,中国传统色彩图鉴_鸿洋,64.05,-34.594,-6.065,三绿
三绿,DIC中国传统色,78.325,-18.293,10.342,三绿
三绿,色谱_perchouli,76.383,-29.347,8.388,三绿
三绿,国标,75.9,-27.8,13.5,三绿
上青,绞丝染色基本色谱_何进丰,23,1,-18,上青
上青,人造丝绸缎色谱_何进丰,26,-1,-15,上青
上青,染色样本硫化类_何进丰,24,1,-13,上青
上青,染色样本纳夫妥类_何进丰,23,2,-15,上青
上青,染色样本士林类_何进丰,24,6,-16,上青
深草绿,涤棉色谱_何进丰,40,-13,17,深草绿
深草绿,涤棉色谱_何进丰,39,-12,14,深草绿
深草绿,涤棉色谱_何进丰,38,-9,11,深草绿
深草绿,涤棉色谱_何进丰,38,-8,14,深草绿
深草绿,涤棉色谱_何进丰,34,-7,12,深草绿
深草绿,涤棉色谱_何进丰,33,-6,4,深草绿
深灰,涤棉色谱_何进丰,32,-4,-6,深灰
深灰,涤棉色谱_何进丰,33,-3,-12,深灰
深灰,涤棉色谱_何进丰,31,1,-10,深灰
深灰,涤棉色谱_何进丰,32,0,-11,深灰
深灰,涤棉色谱_何进丰,33,8,-5,深灰
深灰,染色样本士林类_何进丰,44,-8,0,深灰
深灰,色谱_perchouli,50.672,2.201,6.334,深灰
深蓝,染色样本士林类_何进丰,30,5,-37,深蓝
深蓝,DIC中国传统色,30.677,3.071,-17.93,深蓝
深蓝,乾隆色谱_刘剑,19,3,-13,深蓝
深蓝,国标,32,-8.6,-22.4,深蓝
深上青,涤棉色谱_何进丰,30,-2,-18,深上青
深上青,涤棉色谱_何进丰,31,-3,15,深上青
深上青,涤棉色谱_何进丰,30,-3,-13,深上青
深上青,涤棉色谱_何进丰,29,7,-15,深上青
深上青,涤棉色谱_何进丰,27,-1,-17,深上青
深上青,涤棉色谱_何进丰,28,3,-17,深上青
深上青,涤棉色谱_何进丰,25,1,-16,深上青
深上青,绞丝染色基本色谱_何进丰,22,0,-13,深上青
石黄,中国色名综览_凑幸卫,76.528184,8.595019207,21.37768195,石黄
石黄,敦煌彩绘文物数字化保护色卡制作方法研究_梁金星,80.34,0.96,83.96,石黄
石黄,DIC中国传统色,79.406,2.832,59.225,石黄
石黄,色谱_perchouli,76.753,5.797,56.675,石黄
石黄,国标,80.6,12.5,34,石黄
石榴红,中国传统色彩图鉴_鸿洋,47.243,68.75,38.64,石榴红
石榴红,钧瓷色彩的特征与分类体系研究_王庆斌,22.9301559,42.95796206,21.946282,石榴红
石榴红,绞丝染色基本色谱_何进丰,43,51,31,石榴红
石榴红,中国颜色_黄仁达,47.143,58.643,28.614,石榴红
石榴红,国标,52.3,52.1,31.5,石榴红
石绿,中国色名综览_凑幸卫,74.03006303,-20.62329357,-7.565615991,石绿
石绿,古色之美_青简,67.776,-28.666,-10.428,石绿
石绿,中国颜色_黄仁达,52.163,-21.751,15.347,石绿
石绿,敦煌彩绘文物数字化保护色卡制作方法研究_梁金星,39.65,-27.62,10.5,石绿
石绿,故宫里的色彩美学_郭浩,39.793,-22.789,-4.238,石绿
石绿,色谱_perchouli,72.858,-30.952,-8.882,石绿
石绿,国标,70.8,-29.2,8,石绿
朱红,中国色名综览_凑幸卫,56.48499616,53.93452241,55.53413355,朱红
朱红,中国传统色彩图鉴_鸿洋,57.59,46.744,58.822,朱红
朱红,中国颜色_黄仁达,45.032,64.859,25.699,朱红
朱红,色谱_perchouli,56.123,58.183,55.407,朱红
朱红,国标,51.4,48.3,43.2,朱红
水红,中国色名综览_凑幸卫,71.57197947,14.08298554,-2.483481753,水红
水红,中国传统色彩图鉴_鸿洋,77.323,11.408,-7.463,水红
水红,染作江南春水色_金成熺,83,20.03,3.33,水红
水红,故宫里的色彩美学_郭浩,77.719,24.344,-0.05,水红
水红,乾隆色谱_刘剑,68,28,19,水红
水红,色谱_perchouli,83.227,17.365,1.566,水红
松叶牡丹红,中国色名综览_凑幸卫,43.56753146,48.64388335,-3.655970478,松叶牡丹红
松叶牡丹红,中国颜色_黄仁达,39.668,53.224,26.671,松叶牡丹红
松叶牡丹红,DIC中国传统色,33.296,53.083,13.346,松叶牡丹红
松叶牡丹红,色谱_perchouli,54.1,68.769,12.035,松叶牡丹红
桃红,中国色名综览_凑幸卫,71.59696773,11.36731023,-1.180787885,桃红
桃红,涤棉色谱_何进丰,50,58,12,桃红
桃红,中国颜色_黄仁达,60.847,50.55,-6.69,桃红
桃红,钧瓷色彩的特征与分类体系研究_王庆斌,42.54160394,44.63568689,23.30265013,桃红
桃红,绞丝染色基本色谱_何进丰,70,44,-2,桃红
桃红,乾隆色谱_刘剑,47,44,30,桃红
桃红,色谱_perchouli,76.651,22.844,16.418,桃红
桃红,国标,58.9,41.1,-0.7,桃红
藤黄,中国色名综览_凑幸卫,87.71765655,-0.372825429,84.76815222,藤黄
藤黄,中国传统色彩图鉴_鸿洋,78.667,10.795,72.197,藤黄
藤黄,中国颜色_黄仁达,74.943,18.118,51.345,藤黄
藤黄,古色之美_青简,80.316,8.068,77.489,藤黄
藤黄,DIC中国传统色,88.344,-6.938,49.808,藤黄
藤黄,色谱_perchouli,85.359,0.83,84.497,藤黄
藤黄,国标,64.6,14.4,57.4,藤黄
天蓝,中国色名综览_凑幸卫,51.52098898,-0.37609669,-43.55239646,天蓝
天蓝,中国传统色彩图鉴_鸿洋,69.856,-22.951,-27.935,天蓝
天蓝,钧瓷色彩的特征与分类体系研究_王庆斌,43.94457369,-4.354096317,-28.53419588,天蓝
天蓝,染作江南春水色_金成熺,61.44,-7.07,-18.82,天蓝
天蓝,色谱_perchouli,47.774,-4.319,-39.079,天蓝
天蓝,国标,76.3,-9.5,-26.5,天蓝
天青,钧瓷色彩的特征与分类体系研究_王庆斌,47.73637944,-13.53582486,2.436520966,天青
天青,古色之美_青简,50.714,-15.058,-43.802,天青
天青,染作江南春水色_金成熺,43.5,8.53,-7.03,天青
天青,中国颜色_黄仁达,68.633,-24.127,-30.258,天青
天青,国标,66,-18.5,-21.5,天青
铜绿,中国传统色彩图鉴_鸿洋,52.363,-19.127,-2.433,铜绿
铜绿,中国美色_中国国家地理,67.675,-8.032,10.804,铜绿
铜绿,中国颜色_黄仁达,66.167,-20.454,0.865,铜绿
铜绿,色谱_perchouli,63.735,-44.499,11.235,铜绿
土黄,中国色名综览_凑幸卫,66.4996932,6.799616769,38.05888003,土黄
土黄,中国传统色彩图鉴_鸿洋,74.065,8.375,58.14,土黄
土黄,中国颜色_黄仁达,67.679,8.317,41.758,土黄
土黄,色谱_perchouli,69.133,9.379,67.989,土黄
土黄,国标,63.8,17.6,66,土黄
驼色,中国传统色彩图鉴_鸿洋,54.458,11.432,18.496,驼色
驼色,中国美色_中国国家地理,56.963,16.383,-16.871,驼色
驼色,乾隆色谱_刘剑,59,15,28,驼色
驼色,色谱_perchouli,32.641,10.263,22.227,驼色
驼色,国标,70.7,15.1,15.9,驼色
虾青,中国颜色_黄仁达,44.224,-1.137,-2.521,虾青
虾青,钧瓷色彩的特征与分类体系研究_王庆斌,58.07440632,-18.83611333,-5.421130805,虾青
虾青,绞丝染色基本色谱_何进丰,63,-11,6,虾青
虾青,染色样本硫化类_何进丰,63,-1,-6,虾青
虾青,国标,60.9,-5.9,-7.9,虾青
象牙白,中国美色_中国国家地理,83.197,1.602,19.437,象牙白
象牙白,中国美色_中国国家地理,93.243,0.909,3.372,象牙白
象牙白,人造丝绸缎色谱_何进丰,87,3,13,象牙白
象牙白,色谱_perchouli,99.581,-0.706,2.979,象牙白
蟹青,中国美色_中国国家地理,76.069,-5.768,-0.774,蟹青
蟹青,钧瓷色彩的特征与分类体系研究_王庆斌,29.36044818,12.92866342,-21.89103423,蟹青
蟹青,染色样本硫化类_何进丰,66,-1,10,蟹青
蟹青,染色样本士林类_何进丰,49,-6,0,蟹青
蟹青,DIC中国传统色,61.717,-9.914,4.969,蟹青
蟹青,国标,61,-15.3,-10.3,蟹青
杏黄,中国色名综览_凑幸卫,76.50751126,35.55919481,42.30820374,杏黄
杏黄,绞丝染色基本色谱_何进丰,88,5,50,杏黄
杏黄,染色样本硫化类_何进丰,59,10,24,杏黄
杏黄,染色样本纳夫妥类_何进丰,60,24,28,杏黄
杏黄,染色样本士林类_何进丰,67,9,25,杏黄
杏黄,古色之美_青简,65.004,33.254,60.423,杏黄
杏黄,故宫里的色彩美学_郭浩,57.787,23.38,60.275,杏黄
杏黄,乾隆色谱_刘剑,73,16,85,杏黄
杏黄,色谱_perchouli,69.279,34.007,71.631,杏黄
杏黄,国标,72,35.4,54.8,杏黄
雄黄,中国色名综览_凑幸卫,74.03865492,38.49696568,48.03366579,雄黄
雄黄,中国传统色彩图鉴_鸿洋,66.64,29.885,68.265,雄黄
雄黄,中国美色_中国国家地理,71.167,8.571,60.913,雄黄
雄黄,敦煌彩绘文物数字化保护色卡制作方法研究_梁金星,62.05,58.84,71.32,雄黄
雄黄,DIC中国传统色,57.48,20.447,39.567,雄黄
雄黄,色谱_perchouli,72.261,30.165,77.225,雄黄
雄黄,国标,59.4,30.4,32.3,雄黄
雪青,中国美色_中国国家地理,65.726,9.123,-22.586,雪青
雪青,绞丝染色基本色谱_何进丰,64,21,-13,雪青
雪青,染色样本纳夫妥类_何进丰,35,22,-29,雪青
雪青,染色样本士林类_何进丰,49,29,-23,雪青
雪青,国标,70.9,6.7,-11.7,雪青
牙色,中国色名综览_凑幸卫,91.08186713,4.76476076,24.69969807,牙色
牙色,中国美色_中国国家地理,83.197,1.602,19.437,牙色
牙色,人造丝绸缎色谱_何进丰,70,3,15,牙色
牙色,色谱_perchouli,86.4,0.055,35.42,牙色
牙色,国标,91.6,5.1,11,牙色
芽绿,中国色名综览_凑幸卫,71.58166833,-34.61783444,47.19695952,芽绿
芽绿,中国美色_中国国家地理,76.629,-16.275,64.121,芽绿
芽绿,绞丝染色基本色谱_何进丰,73,-9,20,芽绿
芽绿,色谱_perchouli,73.296,-32.611,52.394,芽绿
胭脂红,中国色名综览_凑幸卫,56.53068885,51.28661709,31.98816931,胭脂红
胭脂红,中国传统色彩图鉴_鸿洋,43.517,49.919,-6.749,胭脂红
胭脂红,钧瓷色彩的特征与分类体系研究_王庆斌,69.09561046,63.34527918,32.60782044,胭脂红
胭脂红,DIC中国传统色,35.399,31.515,8.536,胭脂红
胭脂红,色谱_perchouli,54.253,65.643,54.898,胭脂红
胭脂红,国标,35.2,43.1,5.7,胭脂红
殷红,中国色名综览_凑幸卫,33.47336899,34.91385768,-4.557985183,殷红
殷红,中国美色_中国国家地理,38.879,51.526,25.954,殷红
殷红,DIC中国传统色,34.576,33.646,7.379,殷红
殷红,色谱_perchouli,27.428,46.106,23.922,殷红
殷红,国标,38,40.1,22.6,殷红
银白,中国色名综览_凑幸卫,91.08176574,9.586963566,-8.973411842,银白
银白,古色之美_青简,90.038,-0.1,-0.851,银白
银白,DIC中国传统色,90.485,0.186,8.287,银白
银白,色谱_perchouli,94.796,-0.193,1.563,银白
银白,国标,84.4,-0.4,-1.1,银白
银白,国标,79,0,-1.4,银白
银红,中国传统色彩图鉴_鸿洋,47.758,52.64,27.398,银红
银红,染作江南春水色_金成熺,77.22,27.75,4.2,银红
银红,故宫里的色彩美学_郭浩,83.932,11.649,-0.718,银红
银红,DIC中国传统色,52.946,31.149,5.618,银红
银红,国标,34.3,28.2,29.4,银红
银色,中国传统色彩图鉴_鸿洋,86.601,1.892,-5.736,银色
银色,中国颜色_黄仁达,87.08,2.416,-6.73,银色
银色,国标,76.9,-0.4,-0.6,银色
银色,国标,76.44,-1.22,-0.88,银色
银鼠灰,中国色名综览_凑幸卫,71.5747446,4.672955968,16.93418813,银鼠灰
银鼠灰,中国传统色彩图鉴_鸿洋,63.991,0.239,-4.256,银鼠灰
银鼠灰,中国美色_中国国家地理,59.553,0.006,-1.114,银鼠灰
银鼠灰,中国颜色_黄仁达,68.828,0.133,-1.728,银鼠灰
银鼠灰,DIC中国传统色,54.859,1.115,-5.091,银鼠灰
银鼠灰,色谱_perchouli,69.886,-0.36,14.847,银鼠灰
银朱,中国色名综览_凑幸卫,53.84120277,54.7025446,34.38015452,银朱
银朱,中国美色_中国国家地理,47.749,59.356,32.02,银朱
银朱,故宫里的色彩美学_郭浩,45.975,62.972,47.335,银朱
银朱,DIC中国传统色,46.546,41.609,16.991,银朱
银朱,色谱_perchouli,54.76,66.765,65.183,银朱
银朱,国标,46.8,41.5,22.6,银朱
鹦哥绿,中国色名综览_凑幸卫,61.67588909,-45.49256094,-4.633001871,鹦哥绿
鹦哥绿,涤棉色谱_何进丰,58,-32,-11,鹦哥绿
鹦哥绿,色谱_perchouli,59.185,-42.241,6.393,鹦哥绿
鹦哥绿,国标,76.4,-36.8,5.5,鹦哥绿
鹦鹉绿,中国色名综览_凑幸卫,64.14139573,-40.79767351,58.48845744,鹦鹉绿
鹦鹉绿,中国美色_中国国家地理,45.612,-30.869,15.478,鹦鹉绿
鹦鹉绿,中国颜色_黄仁达,35.324,-28.873,10.465,鹦鹉绿
鹦鹉绿,DIC中国传统色,53.293,-29.999,21.531,鹦鹉绿
鹦鹉绿,色谱_perchouli,63.849,-48.01,58.148,鹦鹉绿
油绿,中国色名综览_凑幸卫,45.02607288,-10.04262484,3.156933198,油绿
油绿,中国传统色彩图鉴_鸿洋,59.784,-44.268,43.949,油绿
油绿,染作江南春水色_金成熺,58.03,-0.84,16.2,油绿
油绿,DIC中国传统色,39.607,-6.028,4.401,油绿
油绿,色谱_perchouli,23.196,-15.453,12.547,油绿
油绿,国标,34.4,-6.5,3.9,油绿
玉色,中国色名综览_凑幸卫,71.56874342,-21.15637632,4.432895772,玉色
玉色,中国美色_中国国家地理,66.278,-32.551,8.494,玉色
玉色,染色样本士林类_何进丰,71,-23,2,玉色
玉色,古色之美_青简,84.901,-9.777,2.072,玉色
玉色,故宫里的色彩美学_郭浩,90.589,-1.162,9.994,玉色
玉色,DIC中国传统色,84.397,-10.592,9.183,玉色
玉色,色谱_perchouli,64.754,-32.426,12.905,玉色
玉色,国标,80.8,-13.6,17.7,玉色
元青,中国美色_中国国家地理,27.503,0.426,8.119,元青
元青,人造丝绸缎色谱_何进丰,23,-2,0,元青
元青,DIC中国传统色,29.944,1.051,-0.304,元青
元青,乾隆色谱_刘剑,15,1,0,元青
月白,中国色名综览_凑幸卫,91.08171916,-6.844989068,-6.342586645,月白
月白,中国传统色彩图鉴_鸿洋,86.335,-1.485,-4.957,月白
月白,钧瓷色彩的特征与分类体系研究_王庆斌,91.81266643,5.077512984,9.783418849,月白
月白,染作江南春水色_金成熺,70.66,-6.76,-13.43,月白
月白,中国颜色_黄仁达,91.474,-2.952,-6.928,月白
月白,乾隆色谱_刘剑,43,-7,-14,月白
月白,色谱_perchouli,96.455,-3.859,1.367,月白
月白,国标,89.2,-8.6,-2,月白
枣褐,人造丝绸缎色谱_何进丰,43,7,9,枣褐
枣褐,染色样本纳夫妥类_何进丰,35,10,15,枣褐
枣褐,染作江南春水色_金成熺,53.32,22.93,6.16,枣褐
枣褐,故宫里的色彩美学_郭浩,28.529,19.772,26.896,枣褐
枣褐,色谱_perchouli,29.517,28.188,30.276,枣褐
枣褐,国标,26.4,9.4,6,枣褐
枣红,中国色名综览_凑幸卫,33.39559933,35.15159466,4.388485506,枣红
枣红,中国传统色彩图鉴_鸿洋,49.488,43.913,33.88,枣红
枣红,钧瓷色彩的特征与分类体系研究_王庆斌,26.34242247,43.67285486,30.27080097,枣红
枣红,绞丝染色基本色谱_何进丰,42,54,26,枣红
枣红,染色样本纳夫妥类_何进丰,27,26,3,枣红
枣红,色谱_perchouli,26.908,42.468,20.38,枣红
皂,中国传统色彩图鉴_鸿洋,15.632,1.063,-1.98,皂
皂,古色之美_青简,29.425,2.049,1.707,皂
皂,染作江南春水色_金成熺,28.81,1.46,2.35,皂
皂,中国颜色_黄仁达,30.168,4.503,15.536,皂
赭石,中国色名综览_凑幸卫,33.41918815,33.41768887,14.95512569,赭石
赭石,涤棉色谱_何进丰,47,8,25,赭石
赭石,中国传统色彩图鉴_鸿洋,49.327,18.75,41.11,赭石
赭石,中国美色_中国国家地理,40.453,13.532,23.842,赭石
赭石,古色之美_青简,33.886,41.825,29.166,赭石
赭石,敦煌彩绘文物数字化保护色卡制作方法研究_梁金星,52.05,28.94,32.45,赭石
赭石,DIC中国传统色,56.164,18.088,23.942,赭石
赭石,色谱_perchouli,30.684,40.058,32.479,赭石
赭石,国标,40.1,16.1,19.6,赭石
枝绿,中国传统色彩图鉴_鸿洋,87.528,-7.787,15.001,枝绿
枝绿,染色样本纳夫妥类_何进丰,56,-23,-9,枝绿
枝绿,染色样本士林类_何进丰,65,-31,-1,枝绿
枝绿,DIC中国传统色,87.149,-12.494,6.289,枝绿
枝绿,国标,81.2,-17.4,8.4,枝绿
栀子黄,中国色名综览_凑幸卫,71.56626429,1.184966935,62.81944157,栀子黄
栀子黄,中国传统色彩图鉴_鸿洋,79.619,10.992,52.996,栀子黄
栀子黄,古色之美_青简,72.449,17.523,72.905,栀子黄
栀子黄,中国颜色_黄仁达,83.539,5.048,57.451,栀子黄
栀子黄,故宫里的色彩美学_郭浩,80.941,8.962,69.767,栀子黄
栀子黄,色谱_perchouli,75.538,9.227,76.839,栀子黄
中绿,染色样本硫化类_何进丰,36,-10,-2,中绿
中绿,染色样本纳夫妥类_何进丰,38,23,-9,中绿
中绿,染色样本士林类_何进丰,50,-41,-6,中绿
中绿,国标,45.5,-28.3,23.9,中绿
朱,中国美色_中国国家地理,49.314,64.299,41.904,朱
朱,染色样本纳夫妥类_何进丰,40,56,24,朱
朱,古色之美_青简,54.624,53.563,45.093,朱
朱,染作江南春水色_金成熺,59.19,40.14,12.21,朱
朱,中国颜色_黄仁达,45.032,64.859,25.699,朱
朱,乾隆色谱_刘剑,42,44,31,朱
朱,国标,44.2,54.8,35.8,朱
砖褐,染色样本纳夫妥类_何进丰,41,17,17,砖褐
砖褐,染作江南春水色_金成熺,37.36,1.46,2.93,砖褐
砖褐,故宫里的色彩美学_郭浩,37.763,13.508,20.127,砖褐
砖褐,色谱_perchouli,21.112,28.051,18.446,砖褐
砖褐,国标,36.6,11.7,19.3,砖褐
祖母绿,钧瓷色彩的特征与分类体系研究_王庆斌,50.88176566,-45.32748535,60.66851349,祖母绿
祖母绿,绞丝染色基本色谱_何进丰,55,-38,3,祖母绿
祖母绿,中国颜色_黄仁达,40.197,-23.485,3.453,祖母绿
祖母绿,国标,51.3,-46.8,12.1,祖母绿